name,value
Brooklyn,0.12702
Queens,0.09056
Statten Island,0.08167
Bronx,0.07507
Brooklyn,0.06966
Manhattan,0.06749
Aging,0.06327
Arts & Culture,0.06094
Childcare,0.05987
Coommunity Service,0.04253
Disabilities,0.04025
Domestic Violence,0.02782
U,0.02758
M,0.02406
W,0.0236
F,0.02288
G,0.02015
Y,0.01974
P,0.01929
B,0.01492
V,0.00978
K,0.00772
J,0.00153
X,0.0015
Q,0.00095
Z,0.00074